<environmentvariabledefinition schemaname="sn_DocumentExpiration">
  <description default="Document expiration in hours">
    <label description="Document expiration in hours" languagecode="1033" />
  </description>
  <displayname default="Document Expiration">
    <label description="Document Expiration" languagecode="1033" />
  </displayname>
  <introducedversion>0.0.0.1</introducedversion>
  <iscustomizable>1</iscustomizable>
  <isrequired>0</isrequired>
  <secretstore>0</secretstore>
  <type>100000001</type>
</environmentvariabledefinition>