<ImportExportXml version="9.2.24051.202" SolutionPackageVersion="9.2" languagecode="1033" generatedBy="CrmLive" xmlns:xsi="http://www.w3.org/2001/XMLSchema-instance">
  <SolutionManifest>
    <UniqueName>TranslatorCoreComponents</UniqueName>
    <LocalizedNames>
      <LocalizedName description="Translator Management" languagecode="1033" />
    </LocalizedNames>
    <Descriptions />
    <Version>0.9.0.0</Version>
    <Managed>1</Managed>
    <Publisher>
      <UniqueName>nicoschreder</UniqueName>
      <LocalizedNames>
        <LocalizedName description="Nico Schreder" languagecode="1033" />
      </LocalizedNames>
      <Descriptions />
      <EMailAddress xsi:nil="true"></EMailAddress>
      <SupportingWebsiteUrl xsi:nil="true"></SupportingWebsiteUrl>
      <CustomizationPrefix>sn</CustomizationPrefix>
      <CustomizationOptionValuePrefix>12651</CustomizationOptionValuePrefix>
      <Addresses>
        <Address>
          <AddressNumber>1</AddressNumber>
          <AddressTypeCode>1</AddressTypeCode>
          <City xsi:nil="true"></City>
          <County xsi:nil="true"></County>
          <Country xsi:nil="true"></Country>
          <Fax xsi:nil="true"></Fax>
          <FreightTermsCode xsi:nil="true"></FreightTermsCode>
          <ImportSequenceNumber xsi:nil="true"></ImportSequenceNumber>
          <Latitude xsi:nil="true"></Latitude>
          <Line1 xsi:nil="true"></Line1>
          <Line2 xsi:nil="true"></Line2>
          <Line3 xsi:nil="true"></Line3>
          <Longitude xsi:nil="true"></Longitude>
          <Name xsi:nil="true"></Name>
          <PostalCode xsi:nil="true"></PostalCode>
          <PostOfficeBox xsi:nil="true"></PostOfficeBox>
          <PrimaryContactName xsi:nil="true"></PrimaryContactName>
          <ShippingMethodCode>1</ShippingMethodCode>
          <StateOrProvince xsi:nil="true"></StateOrProvince>
          <Telephone1 xsi:nil="true"></Telephone1>
          <Telephone2 xsi:nil="true"></Telephone2>
          <Telephone3 xsi:nil="true"></Telephone3>
          <TimeZoneRuleVersionNumber xsi:nil="true"></TimeZoneRuleVersionNumber>
          <UPSZone xsi:nil="true"></UPSZone>
          <UTCOffset xsi:nil="true"></UTCOffset>
          <UTCConversionTimeZoneCode xsi:nil="true"></UTCConversionTimeZoneCode>
        </Address>
        <Address>
          <AddressNumber>2</AddressNumber>
          <AddressTypeCode>1</AddressTypeCode>
          <City xsi:nil="true"></City>
          <County xsi:nil="true"></County>
          <Country xsi:nil="true"></Country>
          <Fax xsi:nil="true"></Fax>
          <FreightTermsCode xsi:nil="true"></FreightTermsCode>
          <ImportSequenceNumber xsi:nil="true"></ImportSequenceNumber>
          <Latitude xsi:nil="true"></Latitude>
          <Line1 xsi:nil="true"></Line1>
          <Line2 xsi:nil="true"></Line2>
          <Line3 xsi:nil="true"></Line3>
          <Longitude xsi:nil="true"></Longitude>
          <Name xsi:nil="true"></Name>
          <PostalCode xsi:nil="true"></PostalCode>
          <PostOfficeBox xsi:nil="true"></PostOfficeBox>
          <PrimaryContactName xsi:nil="true"></PrimaryContactName>
          <ShippingMethodCode>1</ShippingMethodCode>
          <StateOrProvince xsi:nil="true"></StateOrProvince>
          <Telephone1 xsi:nil="true"></Telephone1>
          <Telephone2 xsi:nil="true"></Telephone2>
          <Telephone3 xsi:nil="true"></Telephone3>
          <TimeZoneRuleVersionNumber xsi:nil="true"></TimeZoneRuleVersionNumber>
          <UPSZone xsi:nil="true"></UPSZone>
          <UTCOffset xsi:nil="true"></UTCOffset>
          <UTCConversionTimeZoneCode xsi:nil="true"></UTCConversionTimeZoneCode>
        </Address>
      </Addresses>
    </Publisher>
    <RootComponents>
      <RootComponent type="1" schemaName="sn_calculation" behavior="0" />
      <RootComponent type="1" schemaName="sn_calculationlineitem" behavior="0" />
      <RootComponent type="1" schemaName="sn_document" behavior="0" />
      <RootComponent type="1" schemaName="sn_fileformat" behavior="0" />
      <RootComponent type="1" schemaName="sn_language" behavior="0" />
      <RootComponent type="1" schemaName="sn_pricing" behavior="0" />
      <RootComponent type="1" schemaName="sn_voice" behavior="0" />
      <RootComponent type="1" schemaName="systemuser" behavior="1" />
      <RootComponent type="20" id="{64ab9ce3-a11d-ef11-9f89-0022482fddb0}" behavior="0" />
      <RootComponent type="20" id="{6c444ec8-5bc0-ee11-9079-000d3a548030}" behavior="0" />
      <RootComponent type="20" id="{e0d14c33-ef41-ee11-bdf3-000d3a4ee67c}" behavior="0" />
      <RootComponent type="29" id="{16640142-411f-ef11-840a-7c1e5201df33}" behavior="0" />
      <RootComponent type="29" id="{36ec6512-f932-ee11-bdf3-000d3a1a5188}" behavior="0" />
      <RootComponent type="29" id="{addd84ae-c150-ee11-be6f-000d3a4ee67c}" behavior="0" />
      <RootComponent type="29" id="{bb338740-0120-ef11-840a-7c1e5201df33}" behavior="0" />
      <RootComponent type="60" id="{349710fe-ff32-ee11-bdf3-000d3a1a5188}" behavior="0" />
      <RootComponent type="61" schemaName="msdyncrm_/KnowledgeArticleSubgrid/Language_16.svg" behavior="0" />
      <RootComponent type="62" schemaName="sn_TranslatorManagement" behavior="0" />
      <RootComponent type="80" schemaName="sn_TranslatorManagement" behavior="0" />
      <RootComponent type="300" schemaName="sn_translatormanagementdefaultcommandlibrary_80713" behavior="0" />
    </RootComponents>
    <MissingDependencies>
      <MissingDependency>
        <Required type="61" schemaName="msdyncrm_/KnowledgeArticleSubgrid/Language_16.svg" displayName="msdyncrm_/KnowledgeArticleSubgrid/Language_16.svg" solution="msdynce_KnowledgeManagementFeatures (9.0.24041.5009)">
          <package>msdynce_KnowledgeManagementAnchor (9.0.24041.5009)</package>
        </Required>
        <Dependent type="61" schemaName="msdyncrm_/KnowledgeArticleSubgrid/Language_16.svg" displayName="msdyncrm_/KnowledgeArticleSubgrid/Language_16.svg" />
      </MissingDependency>
      <MissingDependency>
        <Required type="61" schemaName="msdyncrm_/KnowledgeArticleSubgrid/Language_16.svg" displayName="msdyncrm_/KnowledgeArticleSubgrid/Language_16.svg" solution="msdynce_KnowledgeManagementFeatures (9.0.24041.5009)">
          <package>msdynce_KnowledgeManagementAnchor (9.0.24041.5009)</package>
        </Required>
        <Dependent type="62" schemaName="sn_TranslatorManagement" />
      </MissingDependency>
      <MissingDependency>
        <Required type="61" schemaName="msdyncrm_/KnowledgeArticleSubgrid/Language_16.svg" displayName="msdyncrm_/KnowledgeArticleSubgrid/Language_16.svg" solution="msdynce_KnowledgeManagementFeatures (9.0.24041.5009)">
          <package>msdynce_KnowledgeManagementAnchor (9.0.24041.5009)</package>
        </Required>
        <Dependent type="80" schemaName="sn_TranslatorManagement" displayName="Translator Management" />
      </MissingDependency>
      <MissingDependency>
        <Required type="61" schemaName="mspp_web_forms.svg" displayName="mspp_web_forms.svg" solution="PowerPages_AppResources (1.0.2312.1)">
          <package>PowerPages_Core (1.0.2404.86)</package>
        </Required>
        <Dependent type="62" schemaName="sn_TranslatorManagement" />
      </MissingDependency>
      <MissingDependency>
        <Required type="61" schemaName="mspp_websites.svg" displayName="mspp_websites.svg" solution="PowerPages_AppResources (1.0.2312.1)">
          <package>PowerPages_Core (1.0.2404.86)</package>
        </Required>
        <Dependent type="62" schemaName="sn_TranslatorManagement" />
      </MissingDependency>
      <MissingDependency>
        <Required type="SettingDefinition" displayName="FluentThemingPreview" solution="msdyn_PowerAppsThemingSettings (1.0.0.11)" id.uniquename="FluentThemingPreview" />
        <Dependent type="AppSetting" displayName="parentappmoduleid.uniquename=sn_TranslatorManagement,settingdefinitionid.uniquename=FluentThemingPreview" id.parentappmoduleid.uniquename="sn_TranslatorManagement" id.settingdefinitionid.uniquename="FluentThemingPreview" />
      </MissingDependency>
      <MissingDependency>
        <Required type="SettingDefinition" displayName="ShareButtonOnViewsDashboards" solution="msft_PowerAppsCollaborationCommon (1.0.0.11)" id.uniquename="ShareButtonOnViewsDashboards" />
        <Dependent type="AppSetting" displayName="parentappmoduleid.uniquename=sn_TranslatorManagement,settingdefinitionid.uniquename=ShareButtonOnViewsDashboards" id.parentappmoduleid.uniquename="sn_TranslatorManagement" id.settingdefinitionid.uniquename="ShareButtonOnViewsDashboards" />
      </MissingDependency>
    </MissingDependencies>
  </SolutionManifest>
</ImportExportXml>