{
  "properties": {
    "connectionReferences": {
      "shared_commondataserviceforapps_2": {
        "runtimeSource": "embedded",
        "connection": {
          "connectionReferenceLogicalName": "sn_sharedcommondataserviceforapps_30471"
        },
        "api": {
          "name": "shared_commondataserviceforapps"
        }
      },
      "shared_azureblob": {
        "runtimeSource": "embedded",
        "connection": {
          "connectionReferenceLogicalName": "sn_sharedazureblob_53ca4"
        },
        "api": {
          "name": "shared_azureblob"
        }
      },
      "shared_microsofttranslatorv": {
        "runtimeSource": "embedded",
        "connection": {
          "connectionReferenceLogicalName": "sn_sharedmicrosofttranslatorv_580b4"
        },
        "api": {
          "name": "shared_microsofttranslatorv"
        }
      }
    },
    "definition": {
      "$schema": "https://schema.management.azure.com/providers/Microsoft.Logic/schemas/2016-06-01/workflowdefinition.json#",
      "contentVersion": "1.0.0.0",
      "parameters": {
        "$connections": {
          "defaultValue": {},
          "type": "Object"
        },
        "$authentication": {
          "defaultValue": {},
          "type": "SecureObject"
        },
        "Storage Account Base (sn_StorageAccountBase)": {
          "defaultValue": "https://bizappsstorage.blob.core.windows.net",
          "type": "String",
          "metadata": {
            "schemaName": "sn_StorageAccountBase"
          }
        },
        "Document Expiration (sn_DocumentExpiration)": {
          "defaultValue": 72,
          "type": "Int",
          "metadata": {
            "schemaName": "sn_DocumentExpiration",
            "description": "Document expiration in hours"
          }
        }
      },
      "triggers": {
        "When_a_new_request_is_added": {
          "metadata": {
            "operationMetadataId": "a593aca9-ed9f-467c-8423-c232ead10929"
          },
          "type": "OpenApiConnectionWebhook",
          "inputs": {
            "host": {
              "connectionName": "shared_commondataserviceforapps_2",
              "operationId": "SubscribeWebhookTrigger",
              "apiId": "/providers/Microsoft.PowerApps/apis/shared_commondataserviceforapps"
            },
            "parameters": {
              "subscriptionRequest/message": 1,
              "subscriptionRequest/entityname": "sn_document",
              "subscriptionRequest/scope": 4,
              "subscriptionRequest/filterexpression": "statuscode eq 1"
            },
            "authentication": "@parameters('$authentication')"
          }
        }
      },
      "actions": {
        "Initialize_source_language": {
          "runAfter": {
            "Initialize_translation_status": [
              "Succeeded"
            ]
          },
          "metadata": {
            "operationMetadataId": "e802090e-310a-47bc-83b6-df9c2efeadc9"
          },
          "type": "InitializeVariable",
          "inputs": {
            "variables": [
              {
                "name": "Source Language",
                "type": "string",
                "value": "Auto-detect"
              }
            ]
          }
        },
        "Initialize_status": {
          "runAfter": {},
          "metadata": {
            "operationMetadataId": "7457c65d-f772-45f6-bc26-eb764eea261a"
          },
          "type": "InitializeVariable",
          "inputs": {
            "variables": [
              {
                "name": "Status",
                "type": "boolean",
                "value": "@true"
              }
            ]
          }
        },
        "Initialize_target_language": {
          "runAfter": {
            "Initialize_source_language": [
              "Succeeded"
            ]
          },
          "metadata": {
            "operationMetadataId": "88ef0ac4-3754-45f7-8adb-b4d95d6e1be3"
          },
          "type": "InitializeVariable",
          "inputs": {
            "variables": [
              {
                "name": "Target Language",
                "type": "string"
              }
            ]
          }
        },
        "Prepare_request": {
          "actions": {
            "Get_request": {
              "runAfter": {},
              "metadata": {
                "operationMetadataId": "aa582305-7792-4d4c-b900-e40898ade299"
              },
              "type": "OpenApiConnection",
              "inputs": {
                "host": {
                  "connectionName": "shared_commondataserviceforapps_2",
                  "operationId": "GetItem",
                  "apiId": "/providers/Microsoft.PowerApps/apis/shared_commondataserviceforapps"
                },
                "parameters": {
                  "entityName": "sn_documents",
                  "recordId": "@triggerOutputs()?['body/sn_documentid']"
                },
                "authentication": "@parameters('$authentication')"
              }
            },
            "Get_target_language": {
              "runAfter": {
                "Check_if_source_language_is_auto-detect_or_maintained": [
                  "Succeeded"
                ]
              },
              "metadata": {
                "operationMetadataId": "6eb34133-7810-49ae-b1ea-42b2e46d6187"
              },
              "type": "OpenApiConnection",
              "inputs": {
                "host": {
                  "connectionName": "shared_commondataserviceforapps_2",
                  "operationId": "GetItem",
                  "apiId": "/providers/Microsoft.PowerApps/apis/shared_commondataserviceforapps"
                },
                "parameters": {
                  "entityName": "sn_languages",
                  "recordId": "@outputs('Get_request')?['body/_sn_target_value']"
                },
                "authentication": "@parameters('$authentication')"
              }
            },
            "Get_file": {
              "runAfter": {
                "Set_target_language": [
                  "Succeeded"
                ]
              },
              "metadata": {
                "operationMetadataId": "884b361a-6625-42a7-93e5-939ba72df5e0"
              },
              "type": "OpenApiConnection",
              "inputs": {
                "host": {
                  "connectionName": "shared_commondataserviceforapps_2",
                  "operationId": "GetEntityFileImageFieldContent",
                  "apiId": "/providers/Microsoft.PowerApps/apis/shared_commondataserviceforapps"
                },
                "parameters": {
                  "entityName": "sn_documents",
                  "recordId": "@outputs('Get_request')?['body/sn_documentid']",
                  "fileImageFieldName": "sn_sourcedocument"
                },
                "authentication": "@parameters('$authentication')"
              }
            },
            "Set_target_language": {
              "runAfter": {
                "Get_target_language": [
                  "Succeeded"
                ]
              },
              "metadata": {
                "operationMetadataId": "f5a29e9c-ddf6-41b0-89fc-0c002bfc773a"
              },
              "type": "SetVariable",
              "inputs": {
                "name": "Target Language",
                "value": "@outputs('Get_target_language')?['body/sn_code']"
              }
            },
            "Check_if_source_language_is_auto-detect_or_maintained": {
              "actions": {
                "Get_source_language": {
                  "runAfter": {},
                  "metadata": {
                    "operationMetadataId": "3b27e9f7-4caf-46a9-b277-a62c3c64e35d"
                  },
                  "type": "OpenApiConnection",
                  "inputs": {
                    "host": {
                      "connectionName": "shared_commondataserviceforapps_2",
                      "operationId": "GetItem",
                      "apiId": "/providers/Microsoft.PowerApps/apis/shared_commondataserviceforapps"
                    },
                    "parameters": {
                      "entityName": "sn_languages",
                      "recordId": "@outputs('Get_request')?['body/_sn_source_value']"
                    },
                    "authentication": "@parameters('$authentication')"
                  }
                },
                "Set_source_language": {
                  "runAfter": {
                    "Get_source_language": [
                      "Succeeded"
                    ]
                  },
                  "metadata": {
                    "operationMetadataId": "b98251f0-1818-4a84-929a-c799ea204c6a"
                  },
                  "type": "SetVariable",
                  "inputs": {
                    "name": "Source Language",
                    "value": "@outputs('Get_source_language')?['body/sn_code']"
                  }
                }
              },
              "runAfter": {
                "Get_request": [
                  "Succeeded"
                ]
              },
              "expression": {
                "not": {
                  "equals": [
                    "@outputs('Get_request')?['body/_sn_source_value']",
                    "@null"
                  ]
                }
              },
              "metadata": {
                "operationMetadataId": "2af56e13-57e0-4fb4-a5cc-fcc9ab7b37d8"
              },
              "type": "If"
            }
          },
          "runAfter": {
            "Initialize_charged_characters": [
              "Succeeded"
            ]
          },
          "metadata": {
            "operationMetadataId": "53193f3e-86f9-4d50-b71d-9eb83460b1be"
          },
          "type": "Scope"
        },
        "Translate_request": {
          "actions": {
            "Add_document_to_storage": {
              "runAfter": {},
              "metadata": {
                "operationMetadataId": "61ad487a-729f-4c78-ae48-4ede7397d523"
              },
              "type": "OpenApiConnection",
              "inputs": {
                "host": {
                  "connectionName": "shared_azureblob",
                  "operationId": "CreateFile_V2",
                  "apiId": "/providers/Microsoft.PowerApps/apis/shared_azureblob"
                },
                "parameters": {
                  "dataset": "AccountNameFromSettings",
                  "folderPath": "/source/@{outputs('Get_request')?['body/sn_documentid']}",
                  "name": "@outputs('Get_request')?['body/sn_name']",
                  "body": "@body('Get_file')"
                },
                "authentication": "@parameters('$authentication')"
              },
              "runtimeConfiguration": {
                "contentTransfer": {
                  "transferMode": "Chunked"
                }
              }
            },
            "Get_status_of_request_before_translation": {
              "runAfter": {
                "Add_document_to_storage": [
                  "Succeeded"
                ]
              },
              "metadata": {
                "operationMetadataId": "7d44c9e9-bdd9-415c-9cd3-c7800e68d7da"
              },
              "type": "OpenApiConnection",
              "inputs": {
                "host": {
                  "connectionName": "shared_commondataserviceforapps_2",
                  "operationId": "GetItem",
                  "apiId": "/providers/Microsoft.PowerApps/apis/shared_commondataserviceforapps"
                },
                "parameters": {
                  "entityName": "sn_documents",
                  "recordId": "@triggerOutputs()?['body/sn_documentid']"
                },
                "authentication": "@parameters('$authentication')"
              }
            },
            "Check_if_request_is_not_cancelled": {
              "actions": {
                "Start_document_translation": {
                  "runAfter": {},
                  "metadata": {
                    "operationMetadataId": "bd3eeeed-2d06-4f98-bf77-b2a5232ba958"
                  },
                  "type": "OpenApiConnection",
                  "inputs": {
                    "host": {
                      "connectionName": "shared_microsofttranslatorv",
                      "operationId": "StartDocumentTranslation",
                      "apiId": "/providers/Microsoft.PowerApps/apis/shared_microsofttranslatorv"
                    },
                    "parameters": {
                      "Input/storageType": "File",
                      "Input/sourceLanguage": "@variables('Source Language')",
                      "Input/sourceURL": "@{parameters('Storage Account Base (sn_StorageAccountBase)')}@{outputs('Add_document_to_storage')?['body/Path']}",
                      "Input/targetContainerURL": "@{parameters('Storage Account Base (sn_StorageAccountBase)')}/target/@{outputs('Get_request')?['body/sn_documentid']}",
                      "Input/targetLanguage": "@variables('Target Language')"
                    },
                    "authentication": "@parameters('$authentication')"
                  }
                },
                "Update_request": {
                  "runAfter": {
                    "Start_document_translation": [
                      "Succeeded"
                    ]
                  },
                  "metadata": {
                    "operationMetadataId": "7dfefda9-8ca8-4a99-93be-8cf7b0fbb26a"
                  },
                  "type": "OpenApiConnection",
                  "inputs": {
                    "host": {
                      "connectionName": "shared_commondataserviceforapps_2",
                      "operationId": "UpdateRecord",
                      "apiId": "/providers/Microsoft.PowerApps/apis/shared_commondataserviceforapps"
                    },
                    "parameters": {
                      "entityName": "sn_documents",
                      "recordId": "@outputs('Get_request')?['body/sn_documentid']",
                      "item/sn_expiredon": "@addHours(outputs('Get_request')?['body/createdon'], parameters('Document Expiration (sn_DocumentExpiration)'))",
                      "item/sn_job": "@string(body('Start_document_translation').operationID)",
                      "item/statuscode": 126510005
                    },
                    "authentication": "@parameters('$authentication')"
                  }
                },
                "Add_translation_started_note_to_request": {
                  "runAfter": {
                    "Update_request": [
                      "Succeeded"
                    ]
                  },
                  "metadata": {
                    "operationMetadataId": "a067262d-0491-4d81-a890-f8ed8a8db073"
                  },
                  "type": "OpenApiConnection",
                  "inputs": {
                    "host": {
                      "connectionName": "shared_commondataserviceforapps_2",
                      "operationId": "CreateRecord",
                      "apiId": "/providers/Microsoft.PowerApps/apis/shared_commondataserviceforapps"
                    },
                    "parameters": {
                      "entityName": "annotations",
                      "item/subject": "Document translation started",
                      "item/isdocument": false,
                      "item/objectid_sn_document@odata.bind": "sn_documents(@{outputs('Get_request')?['body/sn_documentid']})"
                    },
                    "authentication": "@parameters('$authentication')"
                  }
                },
                "Wait_for_translation": {
                  "actions": {
                    "Do_until_request_completed": {
                      "actions": {
                        "Get_status": {
                          "runAfter": {},
                          "metadata": {
                            "operationMetadataId": "33977f06-e909-4a0d-9192-581a13023fe9"
                          },
                          "type": "OpenApiConnection",
                          "inputs": {
                            "host": {
                              "connectionName": "shared_microsofttranslatorv",
                              "operationId": "GetTranslationStatus",
                              "apiId": "/providers/Microsoft.PowerApps/apis/shared_microsofttranslatorv"
                            },
                            "parameters": {
                              "id": "@outputs('Update_request')?['body/sn_job']"
                            },
                            "authentication": "@parameters('$authentication')"
                          }
                        },
                        "Condition": {
                          "actions": {
                            "Set_status_true": {
                              "runAfter": {},
                              "metadata": {
                                "operationMetadataId": "440feda9-2373-4859-bd1c-83de0f32e005"
                              },
                              "type": "SetVariable",
                              "inputs": {
                                "name": "Status",
                                "value": "@true"
                              }
                            },
                            "Delay_for_5_seconds": {
                              "runAfter": {
                                "Set_status_true": [
                                  "Succeeded"
                                ]
                              },
                              "metadata": {
                                "operationMetadataId": "dd522f02-a7d8-4cbf-b251-020204467e23"
                              },
                              "type": "Wait",
                              "inputs": {
                                "interval": {
                                  "count": 5,
                                  "unit": "Second"
                                }
                              }
                            }
                          },
                          "runAfter": {
                            "Get_status": [
                              "Succeeded"
                            ]
                          },
                          "else": {
                            "actions": {
                              "Set_status_false": {
                                "runAfter": {},
                                "metadata": {
                                  "operationMetadataId": "3ce844db-0857-40f8-96d6-73770c3cee7b"
                                },
                                "type": "SetVariable",
                                "inputs": {
                                  "name": "Status",
                                  "value": "@false"
                                }
                              },
                              "Set_charged_characters": {
                                "runAfter": {
                                  "Set_status_false": [
                                    "Succeeded"
                                  ]
                                },
                                "metadata": {
                                  "operationMetadataId": "c5206be1-9718-4755-b3d8-14555400d7ba"
                                },
                                "type": "SetVariable",
                                "inputs": {
                                  "name": "Charged Characters",
                                  "value": "@outputs('Get_status')?['body/summary/totalCharacterCharged']"
                                }
                              }
                            }
                          },
                          "expression": {
                            "or": [
                              {
                                "equals": [
                                  "@outputs('Get_status')?['body/status']",
                                  "Running"
                                ]
                              },
                              {
                                "equals": [
                                  "@outputs('Get_status')?['body/status']",
                                  "NotStarted"
                                ]
                              }
                            ]
                          },
                          "metadata": {
                            "operationMetadataId": "8e875512-bf93-4cf1-b553-f75434b5b06d"
                          },
                          "type": "If"
                        }
                      },
                      "runAfter": {},
                      "expression": "@equals(variables('Status'), false)",
                      "limit": {
                        "count": 100,
                        "timeout": "PT1H"
                      },
                      "metadata": {
                        "operationMetadataId": "835a2c8c-86ea-43c1-989a-bb3d255a8618"
                      },
                      "type": "Until"
                    }
                  },
                  "runAfter": {
                    "Add_translation_started_note_to_request": [
                      "Succeeded"
                    ]
                  },
                  "metadata": {
                    "operationMetadataId": "8d3ce871-262f-4b7e-8324-a8657605e949"
                  },
                  "type": "Scope"
                }
              },
              "runAfter": {
                "Get_status_of_request_before_translation": [
                  "Succeeded"
                ]
              },
              "expression": {
                "not": {
                  "equals": [
                    "@outputs('Get_status_of_request_before_translation')?['body/statuscode']",
                    126510003
                  ]
                }
              },
              "metadata": {
                "operationMetadataId": "94e4542a-6de3-4648-8ce1-03a78b20fb73"
              },
              "type": "If"
            }
          },
          "runAfter": {
            "Prepare_request": [
              "Succeeded"
            ]
          },
          "metadata": {
            "operationMetadataId": "6adf8653-d4d2-4603-88c9-466c201960cc"
          },
          "type": "Scope"
        },
        "Process_request": {
          "actions": {
            "Delete_source": {
              "runAfter": {},
              "metadata": {
                "operationMetadataId": "18b1ced8-b1cb-4bda-aeb7-8e9c80bca9d1"
              },
              "type": "OpenApiConnection",
              "inputs": {
                "host": {
                  "connectionName": "shared_azureblob",
                  "operationId": "DeleteFile_V2",
                  "apiId": "/providers/Microsoft.PowerApps/apis/shared_azureblob"
                },
                "parameters": {
                  "dataset": "AccountNameFromSettings",
                  "id": "@outputs('Add_document_to_storage')?['body/Path']"
                },
                "authentication": "@parameters('$authentication')"
              }
            },
            "Checks_status": {
              "runAfter": {
                "Set_translation_status": [
                  "Succeeded"
                ]
              },
              "cases": {
                "Case_Validation_Failed": {
                  "case": "ValidationFailed",
                  "actions": {
                    "Update_request_and_set_validation_failed": {
                      "runAfter": {},
                      "metadata": {
                        "operationMetadataId": "d594f1fc-4583-4ee6-96bf-1a39202d6347"
                      },
                      "type": "OpenApiConnection",
                      "inputs": {
                        "host": {
                          "connectionName": "shared_commondataserviceforapps_2",
                          "operationId": "UpdateRecord",
                          "apiId": "/providers/Microsoft.PowerApps/apis/shared_commondataserviceforapps"
                        },
                        "parameters": {
                          "entityName": "sn_documents",
                          "recordId": "@outputs('Get_request')?['body/sn_documentid']",
                          "item/sn_chargedcharacters": "@variables('Charged Characters')",
                          "item/statuscode": 126510004
                        },
                        "authentication": "@parameters('$authentication')"
                      }
                    },
                    "Terminate_Validation_Failed": {
                      "runAfter": {
                        "Add_translation_validation_failed_note_to_request": [
                          "Succeeded"
                        ]
                      },
                      "metadata": {
                        "operationMetadataId": "2f6177ff-7e4c-460f-9a9b-c6561e3e3c8a"
                      },
                      "type": "Terminate",
                      "inputs": {
                        "runStatus": "Failed",
                        "runError": {
                          "code": "Validation Failed"
                        }
                      }
                    },
                    "Add_translation_validation_failed_note_to_request": {
                      "runAfter": {
                        "Update_request_and_set_validation_failed": [
                          "Succeeded"
                        ]
                      },
                      "metadata": {
                        "operationMetadataId": "726c1eec-3733-4054-9ba8-c4a8e473c185"
                      },
                      "type": "OpenApiConnection",
                      "inputs": {
                        "host": {
                          "connectionName": "shared_commondataserviceforapps_2",
                          "operationId": "CreateRecord",
                          "apiId": "/providers/Microsoft.PowerApps/apis/shared_commondataserviceforapps"
                        },
                        "parameters": {
                          "entityName": "annotations",
                          "item/subject": "Document translation validation failed",
                          "item/objectid_sn_document@odata.bind": "sn_documents(@{outputs('Get_request')?['body/sn_documentid']})"
                        },
                        "authentication": "@parameters('$authentication')"
                      }
                    }
                  }
                },
                "Case_Failed": {
                  "case": "Failed",
                  "actions": {
                    "Update_request_and_set_failed": {
                      "runAfter": {},
                      "metadata": {
                        "operationMetadataId": "bff078d8-a587-43d9-97c2-483c78d31732"
                      },
                      "type": "OpenApiConnection",
                      "inputs": {
                        "host": {
                          "connectionName": "shared_commondataserviceforapps_2",
                          "operationId": "UpdateRecord",
                          "apiId": "/providers/Microsoft.PowerApps/apis/shared_commondataserviceforapps"
                        },
                        "parameters": {
                          "entityName": "sn_documents",
                          "recordId": "@outputs('Get_request')?['body/sn_documentid']",
                          "item/sn_chargedcharacters": "@variables('Charged Characters')",
                          "item/statuscode": 126510004
                        },
                        "authentication": "@parameters('$authentication')"
                      }
                    },
                    "Terminate_Failed": {
                      "runAfter": {
                        "Add_translation_failed_note_to_request": [
                          "Succeeded"
                        ]
                      },
                      "metadata": {
                        "operationMetadataId": "2c9872b6-5b9d-4aac-83c1-06f1317e77cb"
                      },
                      "type": "Terminate",
                      "inputs": {
                        "runStatus": "Failed",
                        "runError": {
                          "code": "Failed"
                        }
                      }
                    },
                    "Add_translation_failed_note_to_request": {
                      "runAfter": {
                        "Update_request_and_set_failed": [
                          "Succeeded"
                        ]
                      },
                      "metadata": {
                        "operationMetadataId": "bf223fd5-b83b-429f-82c6-ae1f80bb279a"
                      },
                      "type": "OpenApiConnection",
                      "inputs": {
                        "host": {
                          "connectionName": "shared_commondataserviceforapps_2",
                          "operationId": "CreateRecord",
                          "apiId": "/providers/Microsoft.PowerApps/apis/shared_commondataserviceforapps"
                        },
                        "parameters": {
                          "entityName": "annotations",
                          "item/subject": "Document translation failed",
                          "item/objectid_sn_document@odata.bind": "sn_documents(@{outputs('Get_request')?['body/sn_documentid']})"
                        },
                        "authentication": "@parameters('$authentication')"
                      }
                    }
                  }
                },
                "Case_Cancelled": {
                  "case": "Cancelled",
                  "actions": {
                    "Update_request_and_set_cancelled": {
                      "runAfter": {},
                      "metadata": {
                        "operationMetadataId": "f240d961-3154-4e59-b38b-50b22b4784c2"
                      },
                      "type": "OpenApiConnection",
                      "inputs": {
                        "host": {
                          "connectionName": "shared_commondataserviceforapps_2",
                          "operationId": "UpdateRecord",
                          "apiId": "/providers/Microsoft.PowerApps/apis/shared_commondataserviceforapps"
                        },
                        "parameters": {
                          "entityName": "sn_documents",
                          "recordId": "@outputs('Get_request')?['body/sn_documentid']",
                          "item/sn_chargedcharacters": "@variables('Charged Characters')",
                          "item/statuscode": 126510003
                        },
                        "authentication": "@parameters('$authentication')"
                      }
                    },
                    "Add_translation_cancelled_note_to_request": {
                      "runAfter": {
                        "Update_request_and_set_cancelled": [
                          "Succeeded"
                        ]
                      },
                      "metadata": {
                        "operationMetadataId": "bd521445-652e-4c98-98d8-01d6cb0a5198"
                      },
                      "type": "OpenApiConnection",
                      "inputs": {
                        "host": {
                          "connectionName": "shared_commondataserviceforapps_2",
                          "operationId": "CreateRecord",
                          "apiId": "/providers/Microsoft.PowerApps/apis/shared_commondataserviceforapps"
                        },
                        "parameters": {
                          "entityName": "annotations",
                          "item/subject": "Document translation cancelled",
                          "item/objectid_sn_document@odata.bind": "sn_documents(@{outputs('Get_request')?['body/sn_documentid']})"
                        },
                        "authentication": "@parameters('$authentication')"
                      }
                    }
                  }
                },
                "Case_Succeeded": {
                  "case": "Succeeded",
                  "actions": {
                    "Get_translated_content": {
                      "runAfter": {},
                      "metadata": {
                        "operationMetadataId": "dcbe6b1e-78de-48d4-a53b-d1539c223588"
                      },
                      "type": "OpenApiConnection",
                      "inputs": {
                        "host": {
                          "connectionName": "shared_azureblob",
                          "operationId": "GetFileContent_V2",
                          "apiId": "/providers/Microsoft.PowerApps/apis/shared_azureblob"
                        },
                        "parameters": {
                          "dataset": "AccountNameFromSettings",
                          "id": "/target/@{outputs('Update_request')?['body/sn_documentid']}/@{outputs('Get_target_language')?['body/sn_code']}/@{triggerOutputs()?['body/sn_name']}",
                          "inferContentType": true
                        },
                        "authentication": "@parameters('$authentication')"
                      }
                    },
                    "Create_link_for_document": {
                      "runAfter": {
                        "Get_translated_content": [
                          "Succeeded"
                        ]
                      },
                      "metadata": {
                        "operationMetadataId": "c9d9548f-84f1-4088-a882-a4a5f3d67f2a"
                      },
                      "type": "OpenApiConnection",
                      "inputs": {
                        "host": {
                          "connectionName": "shared_azureblob",
                          "operationId": "CreateShareLinkByPath_V2",
                          "apiId": "/providers/Microsoft.PowerApps/apis/shared_azureblob"
                        },
                        "parameters": {
                          "storageAccountName": "AccountNameFromSettings",
                          "path": "/target/@{outputs('Update_request')?['body/sn_documentid']}/@{outputs('Get_target_language')?['body/sn_code']}/@{triggerOutputs()?['body/sn_name']}",
                          "policy/Permissions": "Read",
                          "policy/ExpiryTime": "@addHours(utcNow(), 72)"
                        },
                        "authentication": "@parameters('$authentication')"
                      }
                    },
                    "Store_translated_document": {
                      "runAfter": {
                        "Create_link_for_document": [
                          "Succeeded"
                        ]
                      },
                      "metadata": {
                        "operationMetadataId": "2fe78c1e-0f02-408c-88d1-70132fd6cd7c"
                      },
                      "type": "OpenApiConnection",
                      "inputs": {
                        "host": {
                          "connectionName": "shared_commondataserviceforapps_2",
                          "operationId": "UpdateEntityFileImageFieldContent",
                          "apiId": "/providers/Microsoft.PowerApps/apis/shared_commondataserviceforapps"
                        },
                        "parameters": {
                          "entityName": "sn_documents",
                          "recordId": "@outputs('Update_request')?['body/sn_documentid']",
                          "fileImageFieldName": "sn_targetdocument",
                          "item": "@body('Get_translated_content')",
                          "x-ms-file-name": "@outputs('Update_request')?['body/sn_name']"
                        },
                        "authentication": "@parameters('$authentication')"
                      }
                    },
                    "Update_status_to_processed": {
                      "runAfter": {
                        "Store_translated_document": [
                          "Succeeded"
                        ]
                      },
                      "metadata": {
                        "operationMetadataId": "080aace9-9cae-4ac2-9211-9344604d127c"
                      },
                      "type": "OpenApiConnection",
                      "inputs": {
                        "host": {
                          "connectionName": "shared_commondataserviceforapps_2",
                          "operationId": "UpdateRecord",
                          "apiId": "/providers/Microsoft.PowerApps/apis/shared_commondataserviceforapps"
                        },
                        "parameters": {
                          "entityName": "sn_documents",
                          "recordId": "@outputs('Update_request')?['body/sn_documentid']",
                          "item/sn_chargedcharacters": "@variables('Charged Characters')",
                          "item/sn_link": "@outputs('Create_link_for_document')?['body/WebUrl']",
                          "item/statuscode": 126510001
                        },
                        "authentication": "@parameters('$authentication')"
                      }
                    },
                    "Add_translation_succeeded_note_to_request": {
                      "runAfter": {
                        "Update_status_to_processed": [
                          "Succeeded"
                        ]
                      },
                      "metadata": {
                        "operationMetadataId": "cfed380b-5f3f-4f4c-9163-2b4d10d8297a"
                      },
                      "type": "OpenApiConnection",
                      "inputs": {
                        "host": {
                          "connectionName": "shared_commondataserviceforapps_2",
                          "operationId": "CreateRecord",
                          "apiId": "/providers/Microsoft.PowerApps/apis/shared_commondataserviceforapps"
                        },
                        "parameters": {
                          "entityName": "annotations",
                          "item/subject": "Document translation succeeded",
                          "item/objectid_sn_document@odata.bind": "sn_documents(@{outputs('Get_request')?['body/sn_documentid']})"
                        },
                        "authentication": "@parameters('$authentication')"
                      }
                    }
                  }
                }
              },
              "default": {
                "actions": {}
              },
              "expression": "@variables('Translation Status')",
              "metadata": {
                "operationMetadataId": "48f3eb6f-b2d0-4541-9b9a-0630c0000d8d"
              },
              "type": "Switch"
            },
            "Set_translation_status": {
              "runAfter": {
                "Get_status_of_request_after_translation": [
                  "Succeeded"
                ]
              },
              "metadata": {
                "operationMetadataId": "55c08eec-8ce6-4041-a490-d32e44699038"
              },
              "type": "SetVariable",
              "inputs": {
                "name": "Translation Status",
                "value": "@{if(equals(outputs('Get_status_of_request_after_translation')?['body/statuscode'], 126510003), 'Cancelled', outputs('Get_status')?['body/status'])}"
              }
            },
            "Get_status_of_request_after_translation": {
              "runAfter": {
                "Delete_source": [
                  "Succeeded"
                ]
              },
              "metadata": {
                "operationMetadataId": "7d44c9e9-bdd9-415c-9cd3-c7800e68d7da"
              },
              "type": "OpenApiConnection",
              "inputs": {
                "host": {
                  "connectionName": "shared_commondataserviceforapps_2",
                  "operationId": "GetItem",
                  "apiId": "/providers/Microsoft.PowerApps/apis/shared_commondataserviceforapps"
                },
                "parameters": {
                  "entityName": "sn_documents",
                  "recordId": "@triggerOutputs()?['body/sn_documentid']"
                },
                "authentication": "@parameters('$authentication')"
              }
            }
          },
          "runAfter": {
            "Translate_request": [
              "Succeeded"
            ]
          },
          "metadata": {
            "operationMetadataId": "f8022f1c-9a0a-4403-9134-0897f671553c"
          },
          "type": "Scope"
        },
        "Initialize_translation_status": {
          "runAfter": {
            "Initialize_status": [
              "Succeeded"
            ]
          },
          "metadata": {
            "operationMetadataId": "cd3089ae-ae16-4014-aadf-794e3a30d61e"
          },
          "type": "InitializeVariable",
          "inputs": {
            "variables": [
              {
                "name": "Translation Status",
                "type": "string"
              }
            ]
          }
        },
        "Initialize_charged_characters": {
          "runAfter": {
            "Initialize_target_language": [
              "Succeeded"
            ]
          },
          "metadata": {
            "operationMetadataId": "03025ef0-b89a-44b6-92e6-72db77fd8873"
          },
          "type": "InitializeVariable",
          "inputs": {
            "variables": [
              {
                "name": "Charged Characters",
                "type": "integer",
                "value": 0
              }
            ]
          }
        }
      }
    },
    "templateName": ""
  },
  "schemaVersion": "1.0.0.0"
}