{
  "properties": {
    "connectionReferences": {
      "shared_microsofttranslatorv": {
        "runtimeSource": "invoker",
        "connection": {
          "connectionReferenceLogicalName": "sn_sharedmicrosofttranslatorv_580b4"
        },
        "api": {
          "name": "shared_microsofttranslatorv"
        }
      },
      "shared_commondataserviceforapps": {
        "runtimeSource": "embedded",
        "connection": {
          "connectionReferenceLogicalName": "sn_sharedcommondataserviceforapps_30471"
        },
        "api": {
          "name": "shared_commondataserviceforapps"
        }
      },
      "shared_azuretexttospeech": {
        "runtimeSource": "invoker",
        "connection": {
          "connectionReferenceLogicalName": "sn_sharedazuretexttospeech_8a7fa"
        },
        "api": {
          "name": "shared_azuretexttospeech"
        }
      }
    },
    "definition": {
      "$schema": "https://schema.management.azure.com/providers/Microsoft.Logic/schemas/2016-06-01/workflowdefinition.json#",
      "contentVersion": "1.0.0.0",
      "parameters": {
        "$connections": {
          "defaultValue": {},
          "type": "Object"
        },
        "$authentication": {
          "defaultValue": {},
          "type": "SecureObject"
        }
      },
      "triggers": {
        "manual": {
          "metadata": {
            "operationMetadataId": "d3a000e2-e2b6-4c9f-8ef0-1a464b104d2a"
          },
          "type": "Request",
          "kind": "Button",
          "inputs": {
            "schema": {
              "type": "object",
              "properties": {},
              "required": []
            }
          }
        }
      },
      "actions": {
        "Import_languages": {
          "actions": {
            "Get_languages": {
              "runAfter": {},
              "metadata": {
                "operationMetadataId": "a7bdc8c4-bd3b-4f5c-bd05-dd19a3ffadc6"
              },
              "type": "OpenApiConnection",
              "inputs": {
                "host": {
                  "connectionName": "shared_microsofttranslatorv",
                  "operationId": "GetTranslateSupportedLanguages",
                  "apiId": "/providers/Microsoft.PowerApps/apis/shared_microsofttranslatorv"
                },
                "parameters": {},
                "authentication": {
                  "type": "Raw",
                  "value": "@json(decodeBase64(triggerOutputs().headers['X-MS-APIM-Tokens']))['$ConnectionKey']"
                }
              }
            },
            "Apply_to_each_language": {
              "foreach": "@body('Get_languages')",
              "actions": {
                "Add_language": {
                  "runAfter": {},
                  "metadata": {
                    "operationMetadataId": "5dcffae6-1abe-431b-b7e0-da5d42fe151d"
                  },
                  "type": "OpenApiConnection",
                  "inputs": {
                    "host": {
                      "connectionName": "shared_commondataserviceforapps",
                      "operationId": "CreateRecord",
                      "apiId": "/providers/Microsoft.PowerApps/apis/shared_commondataserviceforapps"
                    },
                    "parameters": {
                      "entityName": "sn_languages",
                      "item/sn_code": "@item()?['Code']",
                      "item/sn_name": "@item()?['Name']",
                      "item/statuscode": 126510001
                    },
                    "authentication": {
                      "type": "Raw",
                      "value": "@json(decodeBase64(triggerOutputs().headers['X-MS-APIM-Tokens']))['$ConnectionKey']"
                    }
                  }
                }
              },
              "runAfter": {
                "Get_languages": [
                  "Succeeded"
                ]
              },
              "metadata": {
                "operationMetadataId": "53419e4d-bd20-4c27-8d42-b1cfc207c0b2"
              },
              "type": "Foreach"
            }
          },
          "runAfter": {},
          "metadata": {
            "operationMetadataId": "17a17ced-b99c-4e98-a250-39fdc1c44b9b"
          },
          "type": "Scope"
        },
        "Import_voices": {
          "actions": {
            "Get_voices": {
              "runAfter": {},
              "metadata": {
                "operationMetadataId": "315ced92-469d-4c4d-90a4-167947bc0d90"
              },
              "type": "OpenApiConnection",
              "inputs": {
                "host": {
                  "connectionName": "shared_azuretexttospeech",
                  "operationId": "GetVoicesList",
                  "apiId": "/providers/Microsoft.PowerApps/apis/shared_azuretexttospeech"
                },
                "parameters": {},
                "authentication": {
                  "type": "Raw",
                  "value": "@json(decodeBase64(triggerOutputs().headers['X-MS-APIM-Tokens']))['$ConnectionKey']"
                }
              }
            },
            "Apply_to_each_voice": {
              "foreach": "@body('Get_voices')",
              "actions": {
                "Add_voice": {
                  "runAfter": {},
                  "metadata": {
                    "operationMetadataId": "44efa926-3be0-4a9e-bd61-8cb5f3dd06fc"
                  },
                  "type": "OpenApiConnection",
                  "inputs": {
                    "host": {
                      "connectionName": "shared_commondataserviceforapps",
                      "operationId": "CreateRecord",
                      "apiId": "/providers/Microsoft.PowerApps/apis/shared_commondataserviceforapps"
                    },
                    "parameters": {
                      "entityName": "sn_voices",
                      "item/sn_locale": "@item()['Locale']",
                      "item/sn_name": "@item()['DisplayName']",
                      "item/sn_gender": "@if(equals(item()['Gender'], 'Female'), 0, if(equals(item()['Gender'], 'Male'), 1, 2))",
                      "item/sn_localename": "@item()['LocaleName']",
                      "item/sn_shortname": "@item()['ShortName']"
                    },
                    "authentication": {
                      "type": "Raw",
                      "value": "@json(decodeBase64(triggerOutputs().headers['X-MS-APIM-Tokens']))['$ConnectionKey']"
                    }
                  }
                }
              },
              "runAfter": {
                "Get_voices": [
                  "Succeeded"
                ]
              },
              "metadata": {
                "operationMetadataId": "5785842a-c574-4df6-a333-01d488bf68f3"
              },
              "type": "Foreach"
            }
          },
          "runAfter": {},
          "metadata": {
            "operationMetadataId": "f4427853-d3c7-4a40-a9b1-272045772ba1"
          },
          "type": "Scope"
        },
        "Import_file_formats": {
          "actions": {
            "Get_supported_file_formats": {
              "runAfter": {},
              "metadata": {
                "operationMetadataId": "aa8a23ac-0b05-4e91-b7e5-5627e401e4b7"
              },
              "type": "OpenApiConnection",
              "inputs": {
                "host": {
                  "connectionName": "shared_microsofttranslatorv",
                  "operationId": "GetSupportedDocumentFormats",
                  "apiId": "/providers/Microsoft.PowerApps/apis/shared_microsofttranslatorv"
                },
                "parameters": {},
                "authentication": {
                  "type": "Raw",
                  "value": "@json(decodeBase64(triggerOutputs().headers['X-MS-APIM-Tokens']))['$ConnectionKey']"
                }
              }
            },
            "Apply_to_each_supported_file_format": {
              "foreach": "@outputs('Get_supported_file_formats')?['body/value']",
              "actions": {
                "Apply_to_each_file_format_extension": {
                  "foreach": "@item()['fileExtensions']",
                  "actions": {
                    "Add_file_format": {
                      "runAfter": {},
                      "metadata": {
                        "operationMetadataId": "5dcffae6-1abe-431b-b7e0-da5d42fe151d"
                      },
                      "type": "OpenApiConnection",
                      "inputs": {
                        "host": {
                          "connectionName": "shared_commondataserviceforapps",
                          "operationId": "CreateRecord",
                          "apiId": "/providers/Microsoft.PowerApps/apis/shared_commondataserviceforapps"
                        },
                        "parameters": {
                          "entityName": "sn_fileformats",
                          "item/sn_extension": "@item()",
                          "item/sn_format": "@items('Apply_to_each_supported_file_format')?['format']",
                          "item/statuscode": 126510001
                        },
                        "authentication": {
                          "type": "Raw",
                          "value": "@json(decodeBase64(triggerOutputs().headers['X-MS-APIM-Tokens']))['$ConnectionKey']"
                        }
                      }
                    }
                  },
                  "runAfter": {},
                  "metadata": {
                    "operationMetadataId": "491f459a-ac08-43e3-8a3f-96a5d1eab16f"
                  },
                  "type": "Foreach"
                }
              },
              "runAfter": {
                "Get_supported_file_formats": [
                  "Succeeded"
                ]
              },
              "metadata": {
                "operationMetadataId": "53419e4d-bd20-4c27-8d42-b1cfc207c0b2"
              },
              "type": "Foreach"
            }
          },
          "runAfter": {},
          "metadata": {
            "operationMetadataId": "45da1f46-8fe2-43d4-a0c5-1d06c17600d9"
          },
          "type": "Scope"
        }
      }
    },
    "templateName": ""
  },
  "schemaVersion": "1.0.0.0"
}