<appaction uniquename="sn__CreateCalculation!75b12e97594543e2bf0908f6e8bf1481!sn_TranslatorManagement!sn_calculation!0">
  <appmoduleid>
    <uniquename>sn_TranslatorManagement</uniquename>
  </appmoduleid>
  <buttonlabeltext default="Calculate">
    <label description="Calculate" languagecode="1033" />
  </buttonlabeltext>
  <context>1</context>
  <contextentity>
    <logicalname>sn_calculation</logicalname>
  </contextentity>
  <contextvalue>sn_calculation</contextvalue>
  <fonticon>$clientsvg:Calculator</fonticon>
  <hidden>0</hidden>
  <iscustomizable>1</iscustomizable>
  <isdisabled>0</isdisabled>
  <isgrouptitlehidden>0</isgrouptitlehidden>
  <location>0</location>
  <name>CreateCalculation!75b12e97594543e2bf0908f6e8bf1481</name>
  <onclickeventformulacomponentlibraryid>
    <name>sn_translatormanagementdefaultcommandlibrary_80713</name>
  </onclickeventformulacomponentlibraryid>
  <onclickeventformulacomponentname>87555b3b140a4cad8a6e49994092ace5</onclickeventformulacomponentname>
  <onclickeventformulafunctionname>OnSelect</onclickeventformulafunctionname>
  <onclickeventtype>1</onclickeventtype>
  <origin>0</origin>
  <sequence>100205013.0000000000</sequence>
  <statecode>0</statecode>
  <statuscode>1</statuscode>
  <type>0</type>
  <visibilityformulacomponentlibraryid>
    <name>sn_translatormanagementdefaultcommandlibrary_80713</name>
  </visibilityformulacomponentlibraryid>
  <visibilityformulacomponentname>87555b3b140a4cad8a6e49994092ace5</visibilityformulacomponentname>
  <visibilityformulafunctionname>Visible</visibilityformulafunctionname>
  <visibilitytype>1</visibilitytype>
</appaction>